{"options":{"check_for_updates":true,"comment":null,"compatopts_for_requires":true,"compat_wrappedjsobject":false,"compat_metadata":false,"compat_foreach":false,"compat_arrayleft":false,"compat_uW_gmonkey":false,"compat_forvarin":false,"noframes":null,"awareOfChrome":false,"run_at":null,"override":{"use_includes":[],"orig_includes":["http://*","https://*"],"merge_includes":true,"use_matches":[],"orig_matches":[],"merge_matches":true,"use_excludes":["/(^[^:\\/#\\?]*:\\/\\/([^#\\?\\/]*\\.)?ethfiddle\\.com(:[0-9]{1,5})?\\/.*$)/","/(^[^:\\/#\\?]*:\\/\\/([^#\\?\\/]*\\.)?www\\.bankofindia\\.co\\.in(:[0-9]{1,5})?\\/.*$)/","/(^[^:\\/#\\?]*:\\/\\/([^#\\?\\/]*\\.)?sweetlantern\\.com(:[0-9]{1,5})?\\/.*$)/","/(^[^:\\/#\\?]*:\\/\\/([^#\\?\\/]*\\.)?www\\.change\\.org(:[0-9]{1,5})?\\/.*$)/"],"orig_excludes":[],"merge_excludes":true,"use_connects":[],"merge_connects":true,"use_blockers":[],"orig_run_at":"document-start","orig_noframes":null,"orig_connects":["*"]}},"settings":{"enabled":true,"position":1},"meta":{"name":"AdsBypasser","uuid":"7371ab25-6ebd-48c8-8039-2b6dcaffd731","modified":1570431865315,"file_url":"https://adsbypasser.github.io/releases/adsbypasser.full.es7.user.js"}}