{"options":{"check_for_updates":true,"comment":null,"compatopts_for_requires":true,"compat_wrappedjsobject":false,"compat_metadata":false,"compat_foreach":false,"compat_arrayleft":false,"compat_uW_gmonkey":false,"compat_forvarin":false,"noframes":null,"awareOfChrome":false,"run_at":null,"override":{"use_includes":[],"orig_includes":[],"merge_includes":true,"use_matches":[],"orig_matches":["https://gist.github.com/Owyn/8553d7953d948228e312","http://www.imagebam.com/image*","http://imgchili.net/show*","*://imgbox.com/*","*://*.imagetwist.com/*","http://*.imagevenue.com/img.php?*","*://*.imageshack.com/i/*","*://*.imageshack.com/f/*","*://*.image2you.ru/*/*/","https://imageban.ru/show*","*://fastpic.ru/view*","*://pixhost.to/show/*","http://*.picpicture.com/image/*","http://*.pic5you.ru/*/*/","http://*.tinypic.com/view*","http://radical-foto.ru/*","http://radikal-foto.ru/*","https://radikal.ru/*","http://f-page.ru/*","http://f-picture.net/*","https://*.pimpandhost.com/image*","https://*.pixroute.com/*.html","http://*.picforall.ru/*/*/","*://*.imagecurl.com/view*","*://*.imagecurl.org/view*","http://*.euro-pic.eu/*share*","http://*.xxxhost.me/view*","http://*.imadul.com/?*","*://postimg.org/image/*","*://postimg.cc/*","http://*.niceimage.pl/*.html","http://*.pics-money.ru/*","http://*.freeimgup.com/*.*","http://imgtiger.com/view*","https://*.imgspice.com/*/*","http://*.picage.ru/*/*","http://*.imgserve.net/img*","http://*.images-host.biz/*/*","http://*.imgfantasy.com/*","http://*.platimzafoto.ru/full/","http://*.platimzafoto.ru/*.html","http://imgdino.com/view*","http://*.pic-money.ru/*.html","http://*.pic-money.ru/full/","http://*.imgcandy.net/img*","http://*.imagefolks.com/img*","*://*.pzy.be/v*","https://www.turboimagehost.com/p*","http://*.subirimagenes.com/*.html","http://*.screenlist.ru/details.php?image_id=*","http://qrrro.com/images*","http://imgmade.com/images*","http://www.pic-upload.de/view*","http://picshare.geenza.com/pics*","http://www.imgbabes.com/*/*.htm*","http://ibunker.us/f*","http://ichan.org/image.php?path=*","http://*.imagearn.com/*","http://www.dumppix.com/view*","http://www.bilder-upload.eu/show*","http://www.bilder-hochladen.net/file*","http://www.bild.me/bild.php?*","*://www.imagesnake.com/show*","*://www.imagesnake.com/img*","*://www.imagesnake.com/view*","http://www.imagesnake.org/show*","http://www.imagesnake.org/img*","http://www.imagesnake.org/view*","https://www.freebunker.com/show*","https://www.freebunker.com/img*","https://www.freebunker.com/view*","http://bayimg.com/*","http://*.directupload.net/file*","http://*.imagecherry.com/*","http://funkyimg.com/view*","http://*.abload.de/image.php?*","http://*.picfox.org/share*","http://*.pixup.us/img-*","http://*.imagecarry.com/*/*","http://*.imagedunk.com/*/*","http://*.imageswitch.com/*/*","http://*.piclambo.net/*/*","http://*.picleet.com/*/*","http://*.yankoimages.net/*/*","http://*.picturedip.com/*/*","http://*.croftimage.com/img-*","http://*.imagedecode.com/img-*","http://*.imagefruit.com/img*","http://*.imagefruit.com/show*","http://*.miragepics.com/view*","http://*.freeimagehosting.net/*","http://*.keptarolo.hu/*","http://www.uploadhouse.com/view*","http://*.dumpt.com/img/view*","http://imagezilla.net/show/*","http://*.imageup.ru/img*","http://*.casimages.com/photos/*/*/*","http://*.casimages.com/img*","http://*.cyberpics.net/p*","*://vvcap.com/*","https://*.freeimage.us/share*","http://*.pix-x.net/*/*","http://*.shareimages.com/image*","http://www.xtremeshack.com/image/*","http://*.mrjh.org/gallery.php?entry=*","http://*.itmages.ru/image/view*","http://shrani.najdi.si/*","http://*.iv.pl/view*","http://*.image18.org/show/*","http://*.pic4you.ru/*","http://picload.org/view*","http://*.thebestpichost.com/picture/*","*://*.lostpic.net/image/*","http://subefotos.com/ver/*","http://*.pixsor.com/share*","http://*.pixsor.com/XXX/share*","http://*.image-share.com/i*html","http://*.npicture.net/share-*","http://*.overpic.net/view*","http://*.imagecross.com/*","http://*.mojoimage.com/*","http://www.use.com/*","http://www.hostingpics.net/view*","http://*.pictureshoster.com/view*","http://*.imageshost.ru/photo*","http://*.imagestime.com/show*","http://sharenxs.com/view*","http://sharenxs.com/gallery/*/*","http://img4.imagetitan.com/img*","http://*.imagenpic.com/*","http://*.stuffed.ru/images*","http://*.wstaw.org/w/*","http://www.imagesocket.com/photos*","http://www.imagesocket.com/social*","http://imageban.net/show*","http://*.otofotki.pl/*","http://*.imgsin.com/view*","http://*.imagenetz.de/*","http://pix.toile-libre.org/?img*","http://www.servimg.com/image*","http://*.upix.me/files/*","http://*.upix.me/i/v/?q=*","http://*.pixelup.net/image*","http://*.pixelup.net/image*","http://*.picsee.net/*","http://www.fotosik.pl/pokaz_obrazek/pelny*","http://*.depic.me/*","http://www.xup.in/dl*","http://*.hotchyx.com/d*","http://*.imageupper.com/i/*","*://beeimg.com/view*","http://www.noelshack.com/*.*","http://www.turbopix.fr/v/*","http://thumbsnap.com/*","http://deffe.com/image/*","http://*.imageno.com/*.html","http://*.imagehousing.com/image*","http://www.picfront.org/d/*","http://*.imagehost.thasnasty.com/?*","http://*.imagilive.com/*.htm*","http://*.thepornfeeds.com/?*","http://*.picturevip.com/*","http://img.3ezy.net/*.htm","http://*.xximg.net/img-*","http://*.zaslike.com/view*","http://www.zimagez.com/zimage*","http://*.pictureturn.com/*.html","http://*.cubeupload.com/im/*","http://www.photo-host.org/view-image/*","http://www.fotoszok.pl/show*","http://*.imglink.ru/show*","http://zapodaj.net/*.html","http://www.pixic.ru/view*","http://www.imagesup.de/picture.php?code=*","https://www.pornbus.org/show*","http://www.bilder-space.de/bild-*","*://www.imgcarry.com/show*","http://*.saveimg.ru/show*","http://www.fotos-hochladen.net/view*","http://simplest-image-hosting.net/*","http://jpegbay.com/gallery/*.html","http://www.hostpic.org/view*","*://imagik.fr/image/*","http://www.image-load.net/show*","http://*.sxpics.nl/img-*","http://*.gallerycloud.net/image/*","http://tryimg.com/image/*","http://bilder.nixhelp.de/display-*","http://*.funextra.hostzi.com/view*","http://*.freakimage.com/view*","http://*.fotoo.pl/show.php?img=*.html","http://*.rapid-img.de/img.php?f=*","http://*.1pics.ru/view-*","http://*.1pics.ru//view-*","http://*.upload.djmaster.fr/?v=*","http://img.pereslavl.ru/share*","http://*.dwimg.com/view*","http://www.imageurlhost.com/view*","http://*.imagesup.net/*","http://*.superkipje.com/view*","https://*.2i.sk/i/*","https://imgadult.com/img-*","http://imagebic.com/?v=*","http://www.picshot.pl/public/view*","http://*.imagesmax.de/display-*","http://*.ifotos.pl/zobacz/*","http://www.zimage.fr/photo.php?id=*","http://www.zimage.fr/taillereel.php?id=*","http://ngarko.online.fr/view*","http://*.b4he.com/?v=*","http://*.oxily.com/?*","http://ghanaimages.co/?*","http://*.imgplus.info/view*","http://firepic.org/?v=*","http://savepic.org/*.htm","http://*.fastimages.ru/p*","http://ipic.su/?page=img&pic=*","http://*.jpegshare.net/*.html","http://*.overdream.cz/*","http://*.fastpics.net/?v=*","http://www.ii4.ru/image-*","http://*.picuploader.de/*","http://*.rupict.ru/share*","http://bildr.no/view*","http://www.subeimagenes.com/img*","http://screenshot.ru/*","http://*.hostpix.de/show.php?img*","http://*.freeuploadimages.org/view*","http://smages.com/?v=*","http://*.hostingkartinok.com/show-image.php?id=*","http://*.4put.ru/*max*","http://www.pictureshack.ru/view*","http://*.host99.byethost4.com/share.php?id=*","http://*.eazypics.net/share*","http://xtupload.com/share.php?id=*","http://t.williamgates.net/share*","http://photosex.biz/v.php?id=*","http://*.imageteam.org/img-*","http://*.hostimage.ru/photo*","http://www.loaditup.de/*.html","http://*.imgbox.de/show/img*","http://*.picszone.net/view*","http://*.images.share-films.net/view*","http://www.uploadking.biz/show*","http://foto.xhost.lv/show.php?img=*","http://*.imagefile.org/view*","http://*.onimage.net/show*","http://*.uploadagent.de/show*","http://*.bildjunkies.de/view*","http://*.foto.hcfor.pl/view*","http://*.pic.tooptarinha.com/view*","http://*.poopr.org/view*","http://*.xp-images.hi2.ro/view*","http://*.dayzeddesigns.com/view*","http://*.freeimghosting.co.uk/view*","http://*.123poze.3x.ro/view*","http://*.upload.removed.us/view*","http://*.ximg.co.uk/view*","http://sl-images.ath.cx/view*","http://*.picatom.com/*","http://www.picshare.ru/view*","http://*.pikczery.pl/view*","http://*.imghost.pl/index.php?id=*","http://*.udostepniaj.pl/view*","http://*.hosting-zdjec.pl/view*","http://*.zapisz.net/view*","http://www.imagehosting.cz/?v=*","http://www.dumparump.com/view*","http://*.myxpic.com/showpic*","http://*.picness.com/image/*","http://h4z.it/View*","http://*.freeamateurteens.net/view*","http://*.fotoshack.us/foto*","http://*.image-server.ru/view*","https://*.imagebin.ca/v/*","http://*.loadpix.de/*.html","http://www.public-pic.de/image/show/*","http://*.9foto.ru/photo/*","http://uploads.ru/*","http://*.storepic.com/show*","http://www.myimg.de/?img=*","http://*.root-space.eu/file*","http://*.hot-file.org/p*","http://*.hostarea.de/show*","http://mepic.ru/view/?id=*","http://*.upislam.com/view*","http://*.ngarko.free.fr/view*","http://*.add-screen.com/view*","http://image.siroro.co.uk/p*","http://thaisharing.online.fr/view*","http://*.images.collectiontricks.it/view*","http://*.my-collection.ru/view*","http://img.schattorie.nl/view*","http://*.forexrainbow.com/view*","http://*.imgupload.pl/view*","http://*.1y9y.com/view*","http://*.addpix.net/view*","http://www.myuploadedimages.com/view*","http://multihoster.saxonia-fighter.de/view*","http://knecht.novarata.net/?*","http://*.img.irandeliver.com/?*","http://*.xferz.com/?*","http://*.up.kfesfahan.com/?*","http://*.image.alesher.com/?*","http://upload.khontai.com/?*","http://*.image.pantyhosemania.info/?*","http://*.addyourpics.com/image*","http://*.imgnext.com/img-*","http://*.qattach.com/p*","http://*.host4images.com/view*","http://*.imgbank.cz/*","http://*.nyanimg.com/*","http://*.geekpics.in/*","http://*.imagesloading.altervista.org/?*","http://*.showmyimage.com/*","http://*.phpbbmods.it/immaggini*","http://*.mynameismiz.com/*","http://upload.supreme-elite.fr/?*","http://*.fotohelp.kz/image*","https://*.myimg.me/*","http://*.heberg-hush.org/?*","http://*.oltaciyukle.com/*","http://*.pichost.name/*","*://*.fsfiles.org/flightsimshotsv2/image/*","http://*.imagend.com/*","http://*.imagerocket.com/*","http://*.hyyathost.com/*","http://images.reptilescanada.com/*","http://*.lakhdaria.net/imagebank/?*","http://*.webjardiner.com/hebergement_images_photos/image*","http://*.intergranada.com/images/?*","http://*.partizansk.eu/foto/image*","http://*.xenopix.com/?*","http://*.wepic.ru/*","http://*.imgup.com/images*","http://*.picturepush.com/public*","http://*.upload-image.fr/*","http://*.iezz.com/?*","http://*.fileaimage.com/?*","https://*.images.baconbits.org/?*","http://*.kuvajako.com/*","http://*.upanh.ovo.vn/*","http://*.imagesaur.com/*","http://*.wrzucaj.net/*","http://*.heberge-images.com/?*","http://www.image.kg/*","http://*.picshome.ru/?*","http://*.savemyimage.com/*","http://*.img.dramacafe.tv/*","http://*.hosturimage.com/img-*","http://*.pic-mir.ru/*/*","http://*.244pix.com/view*","http://*.uploadimage.ro/view*","http://*.imgflare.com/*/*","https://www.imagefap.com/photo/*","http://filefap.com/view*","*://imgur.com/*","https://motherless.com/*","http://*.xpic.biz/*/view*","*://*.tumblr.com/image/*","http://*.imageporter.com/*","http://*.damimage.com/img-*","https://fapping.empornium.sx/image/*","http://*.bulkimg.info/img-*","http://imgboxxx.com/view*","http://*.imghere.net/view*","http://*.sharepic.biz/show-image.php?id=*","http://f-lite.ru/*","http://*.picturescream.com/*","http://*.imgdone.com/view*","https://*.2i.cz/i/*","http://awesomescreenshot.com/*","https://www.flickr.com/photos/*/*/","http://www.amateri.cz/g*/*","http://*.imgshow.me/*","*://*.wikipedia.org/wiki/*:*.jp*","*://*.wikipedia.org/wiki/*:*.png","*://*.wikimedia.org/wiki/File:*.jp*","*://*.wikimedia.org/wiki/File:*.pn*","http://*.xxxscreens.com//img-*","http://avenuexxx.com/*-*","http://avenuexxx.com/archives/*/*","http://www.bilderhoster.net/*.html","http://*.xxxscreens.com/img-*","http://*.imgdope.com/view*","http://*.imagehost.eu/*","http://*.aveimage.com/view*","http://*.fappic.com/*","http://*.imagenimage.com/*/*","http://*.adultur.com/img-*","http://*.imageshimage.com/*/*","http://*.imgswift.com/*/*","http://*.imageporn.eu/?v=*","https://*.500px.com/photo/*","http://*.greenpiccs.com/images/*.html","http://*.hostmat.eu/view*","http://*.photobucket.com/user/*/media/*.htm*","https://www.imgshots.com/img*","https://www.imgshots.com/show/*","http://*.3xplanet.com/view*","http://*.imgmega.com/*.html","*://img.yt/img-*","http://*.payforpic.ru/*/*/","http://*.keep4u.ru/full/*","http://*.pic.re/*.html","http://*.freshpics.ru/*/*/","http://*.sexyimg.eu/img-*","*://*.imgseeds.com/img-*","http://*.pronpic.org/*/*","http://prnt.sc/*","http://*.imgdream.net/view*","http://*.imgtab.net/*","http://*.kephost.com/image/*","http://i.ruspotting.net/image/*","http://*.gifyu.com/image/*","https://*.picr.ws/image/*","https://www.linkmypic.com/image/*","http://celebimg.com/image/*","http://*.sharepic.org/image/*","http://*.zuly.de/image/*","http://upload.vstanced.com/image/*","http://*.thro.bz/image/*","http://*.qoou.net/image/*","http://brightpic.tk/image/*","http://*.cweb-pix.com/image/*","http://hosting.webspell.fr/image/*","http://*.i-pict.ru/image/*","http://*.images.woh.to/image/*","http://*.imghaze.com/image/*","http://*.imgup.nl/image/*","http://*.kuvapankki.in/image/*","http://*.myimageshare.com/image/*","http://*.nium.co/image/*","http://pix.hostux.net/image/*","http://*.pixoload.de/image/*","http://*.primeimg.co/image/*","http://pic.xtream-reallife.de/image/*","http://*.ultraimg.com/image/*","http://demo.chevereto.com/image/*","http://imgclick.net/*","http://*.gogoimage.org/img-*","http://imgmoney.ru/*.html","http://imgmoney.ru/full/","http://*.imglooks.com/img-*","http://*.you-logo.ru/show*","http://*.uploadimagex.com/view*","http://*.powerlogo.ru/show*","http://youpicture.org/?v=*","http://*.all-poster.ru/?v=*","http://*.picbug.ru/share*","http://*.sxpix.nl/img-*","http://*.hotflick.net/u/v/?q=*","http://*.hotflick.net/f/v/?q=*","http://vavvi.com/images/*.html","https://www.deviantart.com/*/art/*","http://*.myceleb.net/u/v/?q=*","http://*.imageblinks.com/img-*","*://*.gelbooru.com/index.php?page=post&s=view&id=*","*://*.youhate.us/index.php?page=post&s=view&id=*","https://danbooru.donmai.us/posts/*","http://konachan.com/post/show/*","http://konachan.net/post/show/*","https://yande.re/post/show/*","https://chan.sankakucomplex.com/*post/show/*","https://yande.re/post/show/*","http://www.zerochan.net/*","http://*.imgrock.pw/*.php","http://imgzap.com/view*","http://*.funimg.net/img*","http://*.olivepix.com/view/*","http://*.ocaload.com/img-*","http://*.imghit.com/img-*","http://*.imageon.org/img-*","http://*.imgcentral.com/view*","http://*.chronos.to/*","http://picspornfree.me/img-*","http://*.pic-you.com/p*","http://*.image-bugs.com/*mage/*","https://*.imgdrive.net/img-*","https://www.pixiv.net/member_illust.php?mode=medium&illust_id=*","http://*.scrin.org/?v=*","http://*.thumbnailus.com/img-*","http://*.nimplus.com/img-*","https://*.imgtaxi.com/img-*","http://*.imgstudio.org/img-*","http://goimge.com/img-*","http://*.safeimage.biz/image/*","http://*.imgbase.online/*/*/","http://*.picpays.ru/*/*/","http://*.imgclover.com/image/*","http://*.imgz.pw/share-*","http://*.imgz.pw/ch/image/*","*://*.imgking.co/img*","http://ask.fm/*/photo/original","http://*.newimagepost.com/img-*","http://*.imageho.me/img-*","http://myimg.club/*","http://*.imgease.re/img-*","https://www.hotimage.uk/*mg-*","http://imgview.pw/*.php","http://*.10.imageleon.com/i-*","https://www.dropbox.com/s/*/*","http://imgor.net/img-*","http://*.imagedax.net/*/*.html","https://*.imgmonkey.com/*/*.html","http://*.fapat.me/img-*","http://photo.weibo.com/*/large/photo_id/*","http://*.crazyimg.com/images/*.html","http://imgbe.com/img-*","https://*.imgextra.uk/image/*","http://*.extraimago.com/image/*","http://*.fireimg.cc/img-*","http://www.pornimagex.com/image/*","http://*.imgboom.net/*","http://*.img24.org/*.html","http://*.img24.org/full/","http://*.pic-maniac.com/*","https://*.instagram.com/p/*","http://*.imgsay.com/?v=*","http://*.imgsmile.com/?v=*","http://*.balkanelite.org/MultiHoster/view*","https://twitter.com/*/photo/*","http://*.icezap.com/img-*","*://*.rapidimg.net/img-*","http://foxyimg.link/*","http://*.imgtornado.com/img-*","http://*.daily-img.com/image/*","http://*.imageab.com/image/*","http://*.erimge.com/img-*","http://*.imgtrial.com/img-*","http://imgtown.net/*.php","http://ameblo.jp/*/image-*","http://*.loftlm.ru/img-*","http://*.imgdragon.com/*/*.html","http://ftop.ru/*/*","http://*.imgurx.net/share*","http://savepic.ru/*.htm","http://*.imgmaid.net/*","http://*.imggold.org/*/*.html","http://*.imgcredit.xyz/img-*","http://*.imgcredit.xyz/p/img-*","http://*.imgcredit.xyz/image/*","http://*.dimtus.com/img-*","http://*.coreimg.net/*","http://sfwimg.com/image/*","http://*.imgtiger.org/*/*","http://*.img3x.com/image/*","http://*.imguniversal.com/*","http://*.imagepearl.com/view/*","http://*.imagepearl.com/verify/*","http://*.tinizo.com/img-*","*://*.imgkings.com/img*","http://*.imagerar.com/img*","http://*.sendpic.org/view/*","http://www.porncomix.info/*/*/","http://*.picclock.ru/*/*/","http://*.svetmonet.ru/*.html","http://*.svetmonet.ru/full/","http://*.imgpix.net/*","https://*.imgzulu.com/img-*","http://*.freeimagehostin.com/img-*","http://www.mixbase.net/gallery/image.*","https://www.adultimages.xyz/*/image*.html","http://*.pic4share.ru/*.html","http://*.pic4share.ru/full/","http://*.sximg.nl/img-*","http://*.0img.net/?v=*","https://ss.movierls.net/image/*","http://www.xxximagetpb.org/image/*","http://www.pixsense.net/site/v/*","http://www.imgsky.net/*","http://www.imagespicy.site/site/v/*","http://imgoutlet.pw/*.php","http://*.pix.ac/image/*","*://*.imgmak.com/image/*","http://*.freephotohostin.com/img-*","http://*.imgcat.pw/img-*","http://*.levinpic.org/*.html","https://www.sparrowpics.com/image/*","http://*.imgmax.com/image/*","http://lostpix.com/?v=*","https://extraimago.com/image/*","http://*.imgroute.com/?v=*","http://www.joblo.com/hollywood-celebrities/hottie-profile/*/image-gallery/*.jpg","*://extraimage.net/image/","*://www.bellazon.com/main/attachment/*","*://extraimage.net/image/*","https://www.artstation.com/artwork/*","http://bcy.net/illust/detail/*","http://*.imgpics.nl/img-*","http://*.imagexxx18.com/image/*","http://*.imagepics.xyz/img-*","*://*.imagesouls.net/img*","*://postto.me/*","http://*.imgskull.xyz/image/*","http://*.imgskull.com/image/*","*://*.ninjaimages.com/*.html","*://*.imgprime.com/img*","http://*.imgmaze.pw/*.php","*://*.piccash.net/*/*/","http://imgwo.com/img-*","http://luxpic.ru/images/*.html","http://*.pic-images.ru/full/","http://*.pic-images.ru/*.html","http://*.imgbun.ru/full/","http://*.imgbun.ru/*.html","http://*.imgspic.ru/full/","http://*.imgspic.ru/*.html","http://imgleveret.com/img-*","http://porn84.org/img-*","http://*.jpgstore.ru/full/","http://*.jpgstore.ru/*.html","https://*.ima.gy/i/*","http://moonpix.ru/full/","http://moonpix.ru/*.html","http://*.0img.ws/*","http://picpower.ru/full/","http://picpower.ru/*.html","http://piccloud.ru/full/","http://piccloud.ru/*.html","http://imgbase.ru/*/*/","http://*.sexybabepics.net/img-*.html","http://*.sexybabepics.net/x/image/*","http://*.imagecrest.com/verify/*","http://*.imagecrest.com/view/*","https://*.picz.site/img-*.html","http://*.allxpix.com/img-*.html","http://pixxss.ru/full/","http://pixxss.ru/*.html","http://pixxsees.ru/full/","http://pixxsees.ru/*.html","http://imgblank.com/img-*.html","http://imgtrex.com/*/*","https://imgwallet.com/img-*.html","http://2picsun.ru/full/","http://2picsun.ru/*.html","http://picpie.org/image/*","*://*.xeimg.yt/img-*.html","*://*.imagedisco.net/?v=*","http://*.imgmain.com/img-*.html","http://*.imgvisits.com/*","*://pixxxels.org/image/*","http://img-pika.ru/full/","http://img-pika.ru/*.html","http://pic2x.ru/full/","http://pic2x.ru/*.html","http://imgcach.ru/*/*/","http://*.2pixxsee.ru/*.html","http://*.2pixxsee.ru/full/","https://*.xhamster.com/photos/gallery/*/*","http://*.imghall.com/?v=*","https://*.acidimg.cc/img-*","https://imgcloud.pw/image/*","https://z4a.net/image/*","https://t.hogor.net/?pm=*","http://1pic2x.ru/*.html","http://1pic2x.ru/full/","http://1pics1img.ru/*.html","http://1pics1img.ru/full/","http://xxxwebdlxxx.org/*.html","https://www.sizzlingclicks.com/image/*","http://wwxxww.ru/*.html","http://wwxxww.ru/full/","http://pikoclick.ru/*/*/","http://passpix.com/images/*","http://*.sexyimg.eu/*/*.html","http://*.imgseed.com/img-*.html","http://img.folluo.me/image/*","*://imgpart.com/img-*","https://picstate.com/view/full/*","https://jerking.empornium.ph/image/*","http://p0xpicmoney.ru/*/*/","http://picker-click.ru/*/*/","https://truepic.org/*","https://www.jiopic.com/image/*","https://imx.to/img-*","https://imx.to/i/*","https://pixxxels.cc/*","http://picpic.online/*/*/","http://imgking.xyz/*.html","http://moreimage.pw/image/*","https://imgsha.com/i/*","https://www.pic-upload.de/view-*/*.html","http://pic3you.org/*.html","http://pic3you.org/full/","*://*.vipix.pw/images/*.html","http://*.imgchilibum.ru/v.php?id=*","https://*.imgazure.com/*.html","https://*.imgazure.com/full/","*://*.dpic.me/*","*://*.picmoza.com//img-*.html","*://suckmypic.net/*","*://pic.hotimg.site/img-*.html","http://*.shaggyimg.pro/*.html","http://*.shaggyimg.pro/full/","http://*.imgjazz.com/img-*.html","https://22pixx.xyz/i*-*/*.html","https://22pixx.xyz/i-*/*.html","https://22pixx.xyz/x-*/*.html","*://imgsmarts.info/*.html","*://imgsmarts.info/full/","*://www.keepimg.com/image/*","https://ibb.co/*","http://*.imgsee.net/*","*://*.picbaron.com/*/*.html","http://picshost.info//img-*.html","*://imagescanner.cc/images/*.html","http://batpic.com/image/*","http://*.1pic.org/view/*.html","*://lookimg.com/image/*","http://*.xfap.fun/img-*.html","*://*.hdmoza.com//img-*.html","*://trans.firm.in/images/*.html","http://*.imgtorrnt.in/view.php?id=*","https://*.dailyimages.xyz/*.html","https://*.dailyimages.xyz/full/","http://*.petrovixxxjav.com//img-*.html","*://*.placeimg.net/img-*.html","https://subefotos.com/ver/?*","http://*.imageshtorm.com/img-*.html","https://*.blameless.work/img-*.html","https://trumbhost.com/images/*.html","http://*.xxx.kodiak.top/img-*.html","*://*.your-pictures.net/p*/*.html","https://*.xaoutchouc.live/img-*.html","https://*.picusha.net/?v=*","https://e621.net/post/show/*","https://rule34.xxx/index.php?page=post&s=view&id=*","https://rule34hentai.net/post/view/*","https://pixs.cx/*","*://mshelxxx.ru.com//img-*.html","*://www.hentai-foundry.com/pictures/*","*://imgcredit.xyz/image/*"],"merge_matches":true,"use_excludes":["/(^[^:\\/#\\?]*:\\/\\/([^#\\?\\/]*\\.)?www\\.deviantart\\.com(:[0-9]{1,5})?\\/.*$)/"],"orig_excludes":["*://image2you.ru/cabinet/*","*://www.image2you.ru/cabinet/*","https://radikal.ru/video/*","http://subefotos.com/ver/*#codigos","http://*.picturevip.com/x/clean/","*://imgur.com/*,*","https://www.flickr.com/photos/*/galleries/*","https://www.flickr.com/photos/sets/*","https://www.flickr.com/photos/tags/*","https://www.flickr.com/photos/page*","https://www.flickr.com/photos/with*","https://www.flickr.com/photos/favorites*","http://avenuexxx.com/archives/category/*","https://instagram.com/p/*/embed/*","https://*.instagram.com/p/*/embed/*","http://www.porncomix.info/gallery/*","*://piccash.net/cabinets/*","*://www.piccash.net/cabinets/*","*://www.hentai-foundry.com/pictures/user/*/page/*"],"merge_excludes":true,"use_connects":[],"merge_connects":true,"use_blockers":[],"orig_run_at":"document-start","orig_noframes":null,"orig_connects":[]}},"settings":{"enabled":true,"position":2},"meta":{"name":"Handy Image","uuid":"5acf488e-edc1-48bf-9754-656a53a122e1","modified":1571023071477,"file_url":"https://sleazyfork.org/scripts/109-handy-image/code/Handy%20Image.user.js"}}