{"options":{"check_for_updates":true,"comment":null,"compatopts_for_requires":true,"compat_wrappedjsobject":false,"compat_metadata":false,"compat_foreach":false,"compat_arrayleft":false,"compat_uW_gmonkey":false,"compat_forvarin":false,"noframes":null,"awareOfChrome":false,"run_at":null,"override":{"use_includes":[],"orig_includes":["http://openload.co","/^(https?:)?\\/\\/(openload\\.(co|pw)|oload\\.(\\w+)|oladblock\\.(me|services|xyz))\\/*.*/"],"merge_includes":true,"use_matches":[],"orig_matches":[],"merge_matches":true,"use_excludes":[],"orig_excludes":[],"merge_excludes":true,"use_connects":[],"merge_connects":true,"use_blockers":[],"orig_run_at":"document-start","orig_noframes":null}},"settings":{"enabled":true,"position":3},"meta":{"name":"openload","uuid":"7b4d6446-8b7d-498d-ba26-91c8b2f3fb2a","modified":1558368169916,"file_url":"https://greasyfork.org/scripts/17665-openload/code/openload.user.js"}}