{"options":{"check_for_updates":true,"comment":null,"compatopts_for_requires":true,"compat_wrappedjsobject":false,"compat_metadata":false,"compat_foreach":false,"compat_arrayleft":false,"compat_uW_gmonkey":false,"compat_forvarin":false,"noframes":null,"awareOfChrome":false,"run_at":null,"override":{"use_includes":[],"orig_includes":["http*://*.imdb.tld/title/tt*","http*://*.imdb.tld/search/title*","http*://*.imdb.tld/user/*/watchlist*","http*://*.imdb.com/title/tt*","http*://*.imdb.com/search/title*","http*://*.imdb.com/user/*/watchlist*"],"merge_includes":true,"use_matches":[],"orig_matches":[],"merge_matches":true,"use_excludes":[],"orig_excludes":[],"merge_excludes":true,"use_connects":[],"merge_connects":true,"use_blockers":[],"orig_run_at":"document-idle","orig_noframes":null,"orig_connects":["*"]}},"settings":{"enabled":true,"position":5},"meta":{"name":"Scout","uuid":"bcfc1a5f-4a9c-496c-afef-20dfd329496d","modified":1571410184427}}