{"data":{"imdb_scout":"s{\"imdbscout_header_text\":\"Pirate this film: \",\"call_http_movie\":false,\"load_on_start_movie\":true,\"hide_missing_movie\":false,\"use_icons_movie\":true,\"one_line\":true,\"ignore_type_movie\":false,\"highlight_missing_movie\":\"\",\"call_http_search\":false,\"load_on_start_search\":true,\"hide_missing_search\":false,\"use_icons_search\":true,\"ignore_type_search\":false,\"watchlist_as_search\":false,\"highlight_missing_search\":\"\",\"show_RARBG\":true,\"show_Pahe\":true,\"show_MkvCage\":true,\"show_Ganool\":true,\"show_Youtube\":true,\"show_RuT\":false,\"show_Rutor\":false,\"show_TPB\":false,\"show_icon_Google\":false,\"show_icon_TMDB\":true,\"show_icon_TVDB\":false,\"show_icon_BCDB\":false,\"show_icon_YouTube.com\":true,\"show_icon_Rotten Tomatoes\":true,\"show_icon_Criticker\":false,\"show_icon_iCheckMovies\":false,\"show_icon_Letterboxd\":false,\"show_icon_OpenSubtitles\":true,\"show_icon_Subscene\":true,\"show_icon_Wikipedia\":true,\"show_icon_FilmAffinity\":false,\"show_icon_Metacritic\":false,\"show_icon_Can I Stream.It? (Movie)\":false,\"show_icon_Can I Stream.It? (TV)\":false,\"show_icon_AllMovie\":false,\"show_icon_Facebook\":false,\"show_icon_Amazon\":false,\"show_icon_Netflix\":false,\"show_icon_Blu-ray.com\":false,\"show_icon_trakt.tv\":false}"},"ts":1562486546822}